SampleID,root:Host-associated:Human:Digestive_system:Oral:tongue_dorsum,Unknown
SRR980322,0,1
SRR980323,0,1
SRR980324,0,1
SRR980325,0,1
ERR2612198,0,1
ERR2190261,0,1
ERR2260402,0,1
ERR2260403,0,1
ERR2260404,0,1
ERR2260405,0,1
ERR2260406,0,1
ERR2260407,0,1
ERR2260408,0,1
ERR2260409,0,1
ERR2260410,0,1
ERR2260411,0,1
ERR2260412,0,1
ERR2260413,0,1
ERR2260414,0,1
ERR2260415,0,1
ERR2260416,0,1
ERR2260417,0,1
ERR2260418,0,1
ERR2260419,0,1
ERR2260420,0,1
ERR2260421,0,1
ERR2260422,0,1
ERR2260423,0,1
ERR2260424,0,1
ERR2260425,0,1
ERR2260426,0,1
ERR2260427,0,1
ERR2260428,0,1
ERR2260429,0,1
ERR2260430,0,1
ERR2260431,0,1
ERR2260432,0,1
ERR2260433,0,1
ERR2260434,0,1
ERR2260435,0,1
ERR2260436,0,1
ERR2260437,0,1
ERR2260438,0,1
ERR2260439,0,1
ERR2260440,0,1
ERR2260441,0,1
ERR2260442,0,1
ERR2260443,0,1
ERR2260444,0,1
ERR2260445,0,1
ERR2260446,0,1
ERR2260447,0,1
ERR2260448,0,1
ERR2260449,0,1
ERR2260450,0,1
SRR1657892,0,1
SRR2299948,0,1
SRR2299949,0,1
SRR2299950,0,1
ERR3258496,0,1
ERR2543095,0,1
ERR2543096,0,1
ERR2814645,0,1
ERR2814646,0,1
ERR2814647,0,1
ERR2814648,0,1
ERR2814649,0,1
ERR2814650,0,1
ERR2814651,0,1
ERR2814652,0,1
ERR2814653,0,1
ERR2814654,0,1
ERR2814655,0,1
ERR2814656,0,1
ERR2814657,0,1
ERR2814658,0,1
ERR2814659,0,1
ERR2814660,0,1
ERR2814661,0,1
ERR2814662,0,1
ERR2814663,0,1
ERR2814664,0,1
ERR2814665,0,1
ERR2814666,0,1
ERR2814667,0,1
ERR2814668,0,1
ERR2985255,0,1
ERR2985256,0,1
ERR2985257,0,1
ERR2985258,0,1
ERR2985259,0,1
ERR2985260,0,1
ERR2985261,0,1
ERR2985262,0,1
ERR2985263,0,1
ERR2985264,0,1
ERR2985265,0,1
ERR2985266,0,1
ERR2985267,0,1
ERR2985268,0,1
ERR2985269,0,1
ERR2985270,0,1
ERR2985271,0,1
ERR2985272,0,1
ERR2985273,0,1
ERR2985274,0,1
ERR2985275,0,1
ERR2985276,0,1
ERR2985277,0,1
ERR2985278,0,1
SRR627752,0,1
SRR627753,0,1
SRR627754,0,1
SRR627755,0,1
SRR627756,0,1
SRR627757,0,1
SRR627758,0,1
SRR627759,0,1
SRR627760,0,1
SRR627761,0,1
SRR627773,0,1
SRR627774,0,1
SRR627775,0,1
SRR627776,0,1
SRR2107176,0,1
SRR2107177,0,1
SRR2107178,0,1
SRR2107179,0,1
SRR2107180,0,1
SRR2107181,0,1
SRR2107182,0,1
SRR2107183,0,1
SRR2107184,0,1
SRR2107185,0,1
SRR2107210,0,1
SRR2107211,0,1
SRR2107212,0,1
SRR2107213,0,1
SRR2107215,0,1
SRR2107216,0,1
SRR2107218,0,1
SRR2107219,0,1
SRR090227,0,1
ERR459272,0,1
ERR459273,0,1
ERR459274,0,1
ERR459275,0,1
ERR459276,0,1
ERR459277,0,1
ERR459278,0,1
ERR459279,0,1
ERR459280,0,1
ERR459281,0,1
ERR459282,0,1
ERR459283,0,1
ERR2729815,0,1
ERR2729816,0,1
ERR2729817,0,1
ERR2729818,0,1
ERR2729819,0,1
ERR2729820,0,1
ERR2729821,0,1
ERR2729822,0,1
ERR2729823,0,1
ERR2729824,0,1
ERR2729825,0,1
ERR2729826,0,1
ERR2729827,0,1
ERR2729828,0,1
ERR2729829,0,1
ERR2729830,0,1
ERR2729831,0,1
ERR2729832,0,1
ERR2729833,0,1
ERR2729834,0,1
ERR2729835,0,1
ERR2729836,0,1
ERR2729837,0,1
ERR2729838,0,1
ERR2729839,0,1
ERR2729840,0,1
ERR2729841,0,1
ERR2729842,0,1
ERR2729843,0,1
ERR2729844,0,1
ERR2729845,0,1
ERR2729846,0,1
ERR2729847,0,1
ERR2729848,0,1
ERR2729849,0,1
ERR2729850,0,1
ERR2729851,0,1
ERR2729852,0,1
ERR2729853,0,1
ERR2729854,0,1
ERR2729855,0,1
ERR2729856,0,1
ERR2729857,0,1
ERR2729858,0,1
ERR2729859,0,1
ERR2729860,0,1
ERR2729861,0,1
ERR2729862,0,1
ERR2729863,0,1
ERR2729864,0,1
ERR2729865,0,1
ERR2729866,0,1
ERR2729867,0,1
ERR2729868,0,1
ERR2729869,0,1
ERR2729870,0,1
ERR2729871,0,1
ERR2729872,0,1
ERR2729873,0,1
ERR2729874,0,1
ERR2729875,0,1
ERR2729876,0,1
ERR2729877,0,1
ERR2729878,0,1
ERR2729879,0,1
ERR2729880,0,1
ERR2729881,0,1
ERR2729882,0,1
ERR2729883,0,1
ERR2729884,0,1
ERR2729885,0,1
ERR2729886,0,1
ERR2729887,0,1
ERR2729888,0,1
ERR2729889,0,1
ERR2729890,0,1
ERR2729891,0,1
ERR2729892,0,1
ERR2729893,0,1
ERR2729894,0,1
ERR2729895,0,1
ERR2729896,0,1
ERR2729897,0,1
ERR2729898,0,1
ERR2729899,0,1
ERR2729900,0,1
ERR2729901,0,1
ERR2729902,0,1
ERR2729903,0,1
ERR2729904,0,1
ERR2729905,0,1
ERR2729906,0,1
ERR2729907,0,1
ERR2729908,0,1
ERR2729909,0,1
ERR2729910,0,1
ERR2729911,0,1
ERR2729912,0,1
ERR2729913,0,1
ERR2729914,0,1
ERR2729915,0,1
ERR2729916,0,1
ERR2729917,0,1
ERR2729918,0,1
ERR2729919,0,1
ERR2729920,0,1
ERR2729921,0,1
ERR2729922,0,1
ERR2729923,0,1
ERR2729924,0,1
ERR2729925,0,1
ERR2729926,0,1
ERR2729927,0,1
ERR2729928,0,1
ERR2729929,0,1
ERR2729930,0,1
ERR2729931,0,1
ERR2729932,0,1
ERR2729933,0,1
ERR2729934,0,1
ERR2729935,0,1
ERR2729936,0,1
ERR2729937,0,1
ERR2729938,0,1
ERR2729939,0,1
ERR2729940,0,1
ERR2729941,0,1
ERR2729942,0,1
ERR2729943,0,1
ERR2729944,0,1
ERR2729945,0,1
ERR2729946,0,1
ERR2729947,0,1
ERR2729948,0,1
ERR2729949,0,1
ERR2729950,0,1
ERR2729951,0,1
ERR2729952,0,1
ERR2729953,0,1
ERR2729954,0,1
ERR2729955,0,1
ERR2729956,0,1
ERR2729957,0,1
ERR2729958,0,1
ERR2729959,0,1
ERR2729960,0,1
ERR2729961,0,1
ERR2729962,0,1
ERR2729963,0,1
ERR2729964,0,1
ERR2729965,0,1
ERR2729966,0,1
ERR2729967,0,1
ERR2729968,0,1
ERR2729969,0,1
ERR2729970,0,1
ERR2729971,0,1
ERR2729972,0,1
ERR2586215,0,1
ERR2586216,0,1
ERR2586217,0,1
ERR2586218,0,1
ERR2586219,0,1
ERR2586220,0,1
SRR5586477,0,1
ERR2108222,0,1
ERR2108223,0,1
ERR2108224,0,1
ERR2108225,0,1
ERR2108226,0,1
ERR2108227,0,1
ERR2108228,0,1
ERR2180750,0,1
ERR2180751,0,1
ERR2180752,0,1
ERR2180753,0,1
ERR2180754,0,1
ERR2180755,0,1
ERR2180756,0,1
ERR2180757,0,1
ERR2180758,0,1
ERR2180759,0,1
ERR2180760,0,1
ERR2180761,0,1
ERR2180762,0,1
ERR2180763,0,1
ERR2180764,0,1
ERR2180765,0,1
ERR380862,0,1
ERR380863,0,1
ERR380864,0,1
ERR380865,0,1
ERR664238,0,1
ERR664239,0,1
ERR664240,0,1
ERR664241,0,1
ERR664242,0,1
ERR664243,0,1
ERR701614,0,1
ERR701615,0,1
ERR701616,0,1
ERR701617,0,1
SRR388325,0,1
ERR2570159,0,1
ERR2570160,0,1
ERR2570161,0,1
ERR2570162,0,1
ERR2570163,0,1
ERR2570164,0,1
ERR2570165,0,1
ERR2570166,0,1
ERR2570167,0,1
ERR2570168,0,1
ERR2570169,0,1
ERR2570170,0,1
ERR2570171,0,1
ERR2570172,0,1
ERR2570173,0,1
ERR2570174,0,1
ERR2570175,0,1
ERR2570176,0,1
ERR2570177,0,1
ERR2570178,0,1
ERR2570179,0,1
ERR2570180,0,1
ERR2570181,0,1
ERR2570182,0,1
ERR2570183,0,1
ERR2570184,0,1
ERR2570185,0,1
ERR2570186,0,1
ERR2570187,0,1
ERR2570188,0,1
ERR2570189,0,1
ERR2570190,0,1
ERR2570191,0,1
ERR2570192,0,1
ERR2570193,0,1
ERR2570194,0,1
ERR2570195,0,1
ERR2570196,0,1
ERR2570197,0,1
ERR2570198,0,1
ERR2570199,0,1
ERR2570200,0,1
ERR2570201,0,1
ERR2570202,0,1
ERR2570203,0,1
ERR2570204,0,1
ERR2570205,0,1
ERR2570206,0,1
ERR2570207,0,1
ERR2570208,0,1
ERR2570209,0,1
ERR2570210,0,1
ERR2570211,0,1
ERR2570212,0,1
ERR2570213,0,1
ERR2570214,0,1
ERR2570215,0,1
ERR2570216,0,1
ERR2570217,0,1
ERR2570218,0,1
ERR2570219,0,1
ERR2570220,0,1
ERR2570221,0,1
ERR2570222,0,1
ERR2570223,0,1
ERR2570224,0,1
ERR2570225,0,1
ERR2570226,0,1
ERR2570227,0,1
ERR2570228,0,1
ERR2570229,0,1
ERR2570230,0,1
ERR2570231,0,1
ERR2570232,0,1
ERR2570233,0,1
ERR2570234,0,1
ERR2570235,0,1
ERR2570236,0,1
ERR2570237,0,1
ERR2570238,0,1
ERR2570239,0,1
ERR2570240,0,1
ERR2570241,0,1
ERR2570242,0,1
ERR2570243,0,1
ERR2570244,0,1
ERR2570245,0,1
ERR2570246,0,1
ERR2570247,0,1
ERR2570248,0,1
ERR2570249,0,1
ERR2570250,0,1
ERR2570251,0,1
ERR2570252,0,1
ERR2570253,0,1
ERR2570254,0,1
ERR2570255,0,1
ERR2570256,0,1
ERR2570257,0,1
ERR2570258,0,1
ERR2570259,0,1
ERR2570260,0,1
ERR2570261,0,1
ERR2570262,0,1
ERR2570263,0,1
ERR2570264,0,1
ERR2570265,0,1
ERR2570266,0,1
ERR2570267,0,1
ERR2570268,0,1
ERR2570269,0,1
ERR2570270,0,1
ERR2570271,0,1
ERR2570272,0,1
ERR2570273,0,1
ERR2570274,0,1
ERR2570275,0,1
ERR2570276,0,1
ERR2570277,0,1
ERR2570278,0,1
ERR2570279,0,1
ERR2570280,0,1
ERR2570281,0,1
ERR2570282,0,1
ERR2570283,0,1
ERR2570284,0,1
ERR2570285,0,1
ERR2570286,0,1
ERR2570287,0,1
ERR2570288,0,1
ERR2570289,0,1
ERR2570290,0,1
ERR2570291,0,1
ERR2570292,0,1
ERR2570293,0,1
ERR2570294,0,1
ERR2570295,0,1
ERR2570296,0,1
ERR2570297,0,1
ERR2570298,0,1
ERR2570299,0,1
ERR2570300,0,1
ERR2570301,0,1
ERR2570302,0,1
ERR2570303,0,1
ERR2570304,0,1
ERR2570305,0,1
ERR2570306,0,1
ERR2570307,0,1
ERR2570308,0,1
ERR2570309,0,1
ERR2570310,0,1
ERR2570311,0,1
ERR2570312,0,1
ERR2570313,0,1
ERR2570314,0,1
ERR2570315,0,1
ERR2570316,0,1
ERR2570317,0,1
ERR2570318,0,1
ERR2570319,0,1
ERR2570320,0,1
ERR2570321,0,1
ERR2570322,0,1
ERR2570323,0,1
ERR2570324,0,1
ERR2570325,0,1
ERR2570326,0,1
ERR2570327,0,1
ERR2570328,0,1
ERR2570329,0,1
ERR2570330,0,1
ERR2570331,0,1
ERR2570332,0,1
ERR2570333,0,1
ERR2570334,0,1
ERR2570335,0,1
ERR2570336,0,1
ERR2570337,0,1
ERR2570338,0,1
ERR2570339,0,1
ERR2570340,0,1
ERR2570341,0,1
ERR2570342,0,1
ERR2570343,0,1
ERR2570344,0,1
ERR2570345,0,1
ERR2570346,0,1
ERR2570347,0,1
ERR2570348,0,1
ERR2570349,0,1
ERR2570350,0,1
SRR5450567,0,1
SRR5450568,0,1
SRR5450569,0,1
SRR5450570,0,1
SRR5450571,0,1
SRR5450572,0,1
SRR5450573,0,1
SRR5450574,0,1
SRR5450575,0,1
SRR5450576,0,1
SRR5450577,0,1
SRR5450578,0,1
SRR5450579,0,1
SRR5450580,0,1
SRR5450581,0,1
SRR5450582,0,1
SRR5450583,0,1
SRR5450584,0,1
SRR5450585,0,1
SRR5450586,0,1
SRR5450587,0,1
SRR5450588,0,1
SRR5450589,0,1
SRR5450590,0,1
SRR5450591,0,1
SRR5450592,0,1
SRR5450593,0,1
SRR5450594,0,1
SRR5450595,0,1
SRR5450596,0,1
SRR5450597,0,1
SRR5450598,0,1
SRR5450599,0,1
SRR5450600,0,1
SRR5450601,0,1
SRR5450602,0,1
SRR5450603,0,1
SRR5450604,0,1
SRR5450605,0,1
SRR5450606,0,1
SRR5450607,0,1
SRR5450608,0,1
SRR5450609,0,1
SRR5450610,0,1
SRR5450611,0,1
SRR5450612,0,1
SRR5450613,0,1
SRR5450614,0,1
SRR5450615,0,1
SRR5450616,0,1
SRR5450617,0,1
SRR5450618,0,1
SRR5450619,0,1
SRR5450620,0,1
SRR1027853,0,1
SRR1027855,0,1
SRR1027856,0,1
SRR1027857,0,1
SRR1027858,0,1
SRR1027859,0,1
SRR1027860,0,1
SRR1027861,0,1
SRR6901932,0,1
SRR6901933,0,1
SRR6901934,0,1
SRR6901935,0,1
SRR6901936,0,1
SRR6901937,0,1
SRR6901938,0,1
SRR6901939,0,1
SRR6901940,0,1
SRR6901941,0,1
SRR6901942,0,1
SRR6901943,0,1
SRR6901944,0,1
SRR6901945,0,1
SRR6901946,0,1
SRR6901947,0,1
SRR6901948,0,1
SRR6901949,0,1
SRR6901950,0,1
SRR6901951,0,1
SRR6901952,0,1
SRR6901953,0,1
SRR6901954,0,1
SRR6901955,0,1
SRR6901956,0,1
SRR6901957,0,1
ERR2716288,0,1
ERR2716289,0,1
ERR2716290,0,1
ERR2716291,0,1
ERR2716292,0,1
ERR2716293,0,1
ERR2716294,0,1
ERR2716295,0,1
ERR2716296,0,1
ERR2716297,0,1
ERR2716298,0,1
ERR2716299,0,1
ERR2716300,0,1
ERR2716301,0,1
ERR2716302,0,1
ERR2716303,0,1
ERR2716304,0,1
ERR2716305,0,1
ERR2716306,0,1
ERR2716307,0,1
ERR2716308,0,1
ERR2716309,0,1
ERR2716310,0,1
ERR2716311,0,1
ERR2716312,0,1
ERR2716313,0,1
ERR2716314,0,1
ERR2716315,0,1
ERR2716316,0,1
ERR2716317,0,1
ERR2716318,0,1
ERR2716319,0,1
ERR2716320,0,1
ERR2716321,0,1
ERR2716322,0,1
ERR2716323,0,1
ERR2716324,0,1
ERR2716325,0,1
ERR2716326,0,1
ERR2716327,0,1
ERR2716328,0,1
ERR2716329,0,1
ERR2716330,0,1
ERR2716331,0,1
ERR2716332,0,1
ERR2716333,0,1
ERR2716334,0,1
ERR2716335,0,1
ERR2716336,0,1
ERR2716337,0,1
ERR2716338,0,1
ERR2716339,0,1
ERR2716340,0,1
ERR2716341,0,1
ERR2716342,0,1
ERR2716343,0,1
ERR2716344,0,1
ERR2716345,0,1
ERR2716346,0,1
ERR2716347,0,1
ERR2716348,0,1
ERR2716349,0,1
ERR2716350,0,1
ERR2716351,0,1
ERR2716352,0,1
ERR2716353,0,1
ERR2716354,0,1
ERR2716355,0,1
ERR2716356,0,1
ERR2716357,0,1
ERR2716358,0,1
ERR2716359,0,1
ERR2716360,0,1
ERR2716361,0,1
ERR2716362,0,1
ERR2716363,0,1
ERR2716364,0,1
ERR2716365,0,1
ERR2716366,0,1
SRR6314060,0,1
SRR6314063,0,1
SRR6314074,0,1
SRR6314145,0,1
SRR6319571,0,1
SRR6319584,0,1
SRR6319590,0,1
SRR6320068,0,1
SRR6320102,0,1
SRR6320109,0,1
SRR6320234,0,1
SRR6320249,0,1
SRR6320263,0,1
SRR6320299,0,1
ERR1924259,0,1
ERR1924260,0,1
ERR1924309,0,1
ERR1924310,0,1
ERR1924311,0,1
ERR1924312,0,1
ERR1924313,0,1
ERR1924314,0,1
ERR1924315,0,1
ERR1924316,0,1
ERR1924317,0,1
ERR1924318,0,1
ERR1924319,0,1
ERR1924320,0,1
ERR1924321,0,1
ERR1924322,0,1
ERR1924323,0,1
ERR1924324,0,1
ERR1924325,0,1
ERR1924326,0,1
ERR1924327,0,1
ERR1924328,0,1
ERR1924329,0,1
ERR1924330,0,1
ERR1924331,0,1
ERR1924332,0,1
ERR1924333,0,1
ERR1924334,0,1
ERR1924335,0,1
ERR1924336,0,1
ERR1924337,0,1
ERR1924338,0,1
ERR1924339,0,1
ERR1924340,0,1
ERR1924341,0,1
ERR1924342,0,1
ERR1924343,0,1
ERR1924344,0,1
ERR1924345,0,1
ERR1924346,0,1
ERR1924347,0,1
ERR1924348,0,1
ERR1924349,0,1
ERR1924350,0,1
ERR1924351,0,1
ERR1924352,0,1
ERR1924353,0,1
ERR1924354,0,1
DRR066661,0,1
DRR066662,0,1
DRR066663,0,1
DRR066664,0,1
DRR066665,0,1
DRR066666,0,1
DRR066667,0,1
DRR066668,0,1
ERR1713331,0,1
ERR1713332,0,1
ERR1713333,0,1
ERR1713334,0,1
ERR1713335,0,1
ERR1713336,0,1
ERR1713337,0,1
ERR1713338,0,1
ERR1713339,0,1
ERR1713340,0,1
ERR1713341,0,1
ERR1713342,0,1
ERR1713343,0,1
ERR1713344,0,1
ERR1713345,0,1
ERR1713346,0,1
ERR1713347,0,1
ERR1713348,0,1
ERR1713349,0,1
ERR1713350,0,1
ERR1713351,0,1
ERR1713352,0,1
ERR1713353,0,1
ERR1713354,0,1
ERR1713355,0,1
ERR1713356,0,1
ERR1713357,0,1
ERR1713358,0,1
ERR1713359,0,1
ERR1713360,0,1
ERR1713361,0,1
ERR1713362,0,1
ERR1713363,0,1
ERR1713364,0,1
ERR1713365,0,1
ERR1713366,0,1
ERR1713367,0,1
ERR1713368,0,1
ERR1713369,0,1
ERR1713370,0,1
ERR1713372,0,1
ERR1713373,0,1
ERR1713374,0,1
ERR1713375,0,1
ERR1713376,0,1
ERR1713377,0,1
ERR1713378,0,1
ERR1713379,0,1
ERR1713380,0,1
ERR1713381,0,1
ERR1713382,0,1
ERR1713383,0,1
ERR1713384,0,1
ERR1713385,0,1
ERR1713386,0,1
ERR1713387,0,1
ERR1713388,0,1
ERR1713389,0,1
ERR1713390,0,1
ERR1713391,0,1
ERR1713392,0,1
ERR1713393,0,1
ERR1713394,0,1
ERR1713395,0,1
ERR1713396,0,1
ERR1713397,0,1
ERR1713398,0,1
ERR1713399,0,1
ERR1713400,0,1
ERR1713401,0,1
ERR1713402,0,1
ERR1713403,0,1
ERR1713404,0,1
ERR1713405,0,1
ERR1713406,0,1
ERR1713407,0,1
ERR1713408,0,1
ERR1713409,0,1
ERR1713410,0,1
ERR1713411,0,1
ERR1725938,0,1
ERR1725939,0,1
ERR1725940,0,1
ERR1725941,0,1
ERR1725942,0,1
ERR1725943,0,1
ERR1725944,0,1
ERR1725945,0,1
ERR1725946,0,1
ERR1725947,0,1
ERR1725948,0,1
ERR1725949,0,1
ERR1725950,0,1
ERR1725951,0,1
ERR1725952,0,1
ERR1725953,0,1
ERR1725954,0,1
ERR1725955,0,1
ERR1725956,0,1
ERR1725957,0,1
ERR1725958,0,1
ERR1725959,0,1
ERR1725960,0,1
ERR1725961,0,1
ERR1725962,0,1
ERR1725963,0,1
ERR1725964,0,1
ERR1725965,0,1
ERR1725966,0,1
ERR1725967,0,1
ERR1725968,0,1
ERR1725969,0,1
ERR1725970,0,1
ERR1725971,0,1
ERR1725972,0,1
ERR1725973,0,1
ERR1725974,0,1
ERR1725975,0,1
ERR1725977,0,1
ERR1725978,0,1
ERR1725979,0,1
ERR1725980,0,1
ERR1725981,0,1
ERR1725982,0,1
ERR1725983,0,1
ERR1725984,0,1
ERR1725985,0,1
ERR1725986,0,1
ERR1725987,0,1
ERR1725988,0,1
ERR1725989,0,1
ERR1725990,0,1
ERR1725991,0,1
ERR1725992,0,1
ERR1725993,0,1
ERR1725994,0,1
ERR1725995,0,1
ERR1725996,0,1
ERR1725997,0,1
ERR1725998,0,1
ERR1725999,0,1
ERR1726000,0,1
ERR1726001,0,1
ERR1726002,0,1
ERR1726003,0,1
ERR1726004,0,1
ERR1726005,0,1
ERR1726006,0,1
ERR1726007,0,1
ERR1726008,0,1
ERR1726009,0,1
ERR1726010,0,1
ERR1726011,0,1
ERR1726012,0,1
ERR1726013,0,1
ERR1726014,0,1
ERR1726015,0,1
ERR1726016,0,1
ERR1726017,0,1
ERR1726018,0,1
ERR1726019,0,1
ERR1726020,0,1
ERR1726021,0,1
ERR1726022,0,1
ERR1726023,0,1
ERR1726024,0,1
ERR1726025,0,1
ERR1726026,0,1
ERR1726027,0,1
ERR1726028,0,1
ERR1726029,0,1
ERR1726030,0,1
ERR1726031,0,1
ERR1726032,0,1
ERR1726033,0,1
ERR1726034,0,1
ERR1726035,0,1
ERR2592244,0,1
ERR2592245,0,1
ERR2592246,0,1
ERR2592247,0,1
ERR2592248,0,1
ERR2592249,0,1
ERR2592250,0,1
ERR2592251,0,1
ERR2592252,0,1
ERR2592253,0,1
ERR2592255,0,1
ERR2592256,0,1
ERR2592257,0,1
ERR2592258,0,1
ERR2592259,0,1
ERR2592260,0,1
ERR2592261,0,1
ERR2592262,0,1
ERR2592263,0,1
ERR2592264,0,1
ERR2592265,0,1
ERR2592266,0,1
ERR2592267,0,1
ERR2592268,0,1
ERR2592269,0,1
ERR2592270,0,1
ERR2592271,0,1
ERR2592272,0,1
ERR2592273,0,1
ERR2592274,0,1
ERR2592275,0,1
ERR2592276,0,1
ERR2592277,0,1
ERR2592278,0,1
ERR2592279,0,1
ERR2592280,0,1
ERR2592281,0,1
ERR2592282,0,1
ERR2592283,0,1
ERR2592328,0,1
ERR2592329,0,1
ERR2592331,0,1
ERR2592332,0,1
ERR2592333,0,1
ERR2592334,0,1
ERR2592335,0,1
ERR2592336,0,1
ERR2592337,0,1
ERR2592338,0,1
ERR2592339,0,1
ERR2592340,0,1
ERR2592341,0,1
ERR2592342,0,1
ERR2592343,0,1
ERR299250,0,1
ERR299251,0,1
ERR299252,0,1
ERR299253,0,1
ERR574411,0,1
ERR574412,0,1
ERR574413,0,1
ERR574414,0,1
ERR574415,0,1
ERR574416,0,1
ERR574417,0,1
ERR574418,0,1
ERR574419,0,1
ERR574420,0,1
ERR574421,0,1
ERR574422,0,1
ERR982887,0,1
ERR982888,0,1
ERR982889,0,1
ERR982890,0,1
ERR982891,0,1
ERR982892,0,1
ERR982893,0,1
ERR982894,0,1
ERR982895,0,1
ERR982896,0,1
ERR982897,0,1
ERR982898,0,1
ERR982899,0,1
ERR982900,0,1
ERR982901,0,1
ERR982902,0,1
ERR982903,0,1
ERR982904,0,1
ERR982905,0,1
ERR982906,0,1
ERR982907,0,1
ERR982908,0,1
ERR982909,0,1
ERR982910,0,1
ERR982911,0,1
ERR982912,0,1
ERR982913,0,1
ERR982914,0,1
ERR982915,0,1
ERR982916,0,1
ERR982917,0,1
ERR982918,0,1
ERR982920,0,1
ERR982921,0,1
ERR982922,0,1
ERR982923,0,1
ERR982924,0,1
ERR982925,0,1
ERR982926,0,1
ERR982927,0,1
ERR982928,0,1
ERR982929,0,1
ERR982930,0,1
ERR982931,0,1
ERR982932,0,1
ERR982933,0,1
ERR982934,0,1
ERR982935,0,1
ERR982936,0,1
ERR982937,0,1
ERR982938,0,1
ERR982939,0,1
ERR982940,0,1
ERR982941,0,1
ERR982942,0,1
ERR982943,0,1
ERR982944,0,1
ERR982945,0,1
ERR982946,0,1
ERR982947,0,1
ERR982948,0,1
ERR982949,0,1
ERR982950,0,1
ERR982951,0,1
ERR982952,0,1
ERR982953,0,1
ERR982954,0,1
ERR982955,0,1
ERR982956,0,1
ERR982957,0,1
ERR982958,0,1
ERR982959,0,1
ERR982960,0,1
ERR982961,0,1
ERR982962,0,1
ERR982963,0,1
ERR982964,0,1
ERR982965,0,1
ERR982966,0,1
ERR982967,0,1
ERR982969,0,1
ERR982970,0,1
ERR982971,0,1
ERR982972,0,1
ERR982973,0,1
ERR982974,0,1
ERR982975,0,1
ERR982976,0,1
ERR1201392,0,1
ERR1201393,0,1
ERR1201394,0,1
ERR1201395,0,1
ERR1201396,0,1
ERR1201397,0,1
ERR1201398,0,1
ERR1201399,0,1
ERR1201400,0,1
ERR1201401,0,1
ERR1201402,0,1
ERR1201403,0,1
ERR1201404,0,1
ERR1201405,0,1
ERR1201406,0,1
ERR1201407,0,1
ERR1201408,0,1
ERR1201409,0,1
ERR1201410,0,1
ERR1201411,0,1
ERR1201412,0,1
ERR1201413,0,1
ERR1201414,0,1
ERR1201415,0,1
ERR1201416,0,1
ERR1201417,0,1
ERR1201418,0,1
ERR1201419,0,1
ERR1201420,0,1
ERR1201421,0,1
ERR1201939,0,1
ERR1201940,0,1
ERR1201941,0,1
ERR1201942,0,1
ERR1201943,0,1
ERR1201944,0,1
ERR1201945,0,1
ERR1201946,0,1
ERR1201947,0,1
ERR1201948,0,1
ERR1201949,0,1
ERR1201950,0,1
ERR1201951,0,1
ERR1201952,0,1
ERR1201953,0,1
ERR1201954,0,1
ERR1201955,0,1
ERR1201956,0,1
ERR1201957,0,1
ERR1201958,0,1
ERR1201960,0,1
ERR1201961,0,1
ERR1201962,0,1
ERR1201963,0,1
ERR1201964,0,1
ERR1201965,0,1
ERR1201966,0,1
ERR1201967,0,1
ERR1201968,0,1
ERR1201969,0,1
ERR1201970,0,1
ERR1201971,0,1
ERR1201972,0,1
ERR1201973,0,1
ERR1201974,0,1
ERR1201975,0,1
ERR1201976,0,1
ERR1201977,0,1
ERR1201978,0,1
ERR1201979,0,1
ERR1201980,0,1
ERR1201981,0,1
ERR1201982,0,1
ERR1201983,0,1
ERR1201984,0,1
ERR1201985,0,1
ERR1201986,0,1
ERR1201987,0,1
ERR1201988,0,1
ERR1201989,0,1
ERR1201990,0,1
ERR1201991,0,1
ERR1201992,0,1
ERR1201993,0,1
ERR1201994,0,1
ERR1201995,0,1
ERR1201996,0,1
ERR1201997,0,1
ERR1201998,0,1
SRR851933,0,1
ERR2200208,0,1
ERR2200209,0,1
ERR2200210,0,1
ERR2200211,0,1
ERR2200212,0,1
ERR2200215,0,1
ERR2200216,0,1
ERR2200217,0,1
ERR2200218,0,1
ERR2200219,0,1
ERR2200220,0,1
ERR2200221,0,1
ERR2200222,0,1
ERR2200223,0,1
ERR2200224,0,1
ERR2200225,0,1
ERR2200226,0,1
ERR2200227,0,1
ERR2200228,0,1
ERR2097563,0,1
ERR2097564,0,1
ERR2097565,0,1
ERR2097566,0,1
ERR2097567,0,1
ERR2097568,0,1
ERR2097569,0,1
ERR2097570,0,1
ERR2097571,0,1
ERR2097572,0,1
ERR2097573,0,1
ERR2097574,0,1
ERR2097575,0,1
ERR2097576,0,1
ERR2097577,0,1
ERR2097578,0,1
ERR2097579,0,1
ERR2097580,0,1
ERR2097581,0,1
ERR2097582,0,1
ERR2097583,0,1
ERR2097584,0,1
ERR2097585,0,1
ERR2097586,0,1
ERR2097587,0,1
ERR2097588,0,1
ERR2097589,0,1
ERR2097590,0,1
ERR2097591,0,1
ERR2097592,0,1
ERR2097593,0,1
ERR2097594,0,1
ERR2097595,0,1
ERR2097596,0,1
ERR2097597,0,1
ERR2097598,0,1
ERR2097599,0,1
ERR2097600,0,1
SRR8224500,0,1
SRR8224501,0,1
ERR2808645,0,1
ERR2808646,0,1
ERR2808647,0,1
ERR2808648,0,1
ERR2808649,0,1
ERR2808650,0,1
ERR2808651,0,1
ERR2808652,0,1
ERR2808653,0,1
ERR2808654,0,1
ERR2808655,0,1
ERR2808656,0,1
ERR2808657,0,1
ERR2808658,0,1
ERR2808659,0,1
ERR2808660,0,1
ERR2808661,0,1
ERR2808662,0,1
ERR2808663,0,1
ERR2808664,0,1
ERR2808665,0,1
ERR2808666,0,1
ERR2808667,0,1
ERR2808668,0,1
ERR441770,1,0
ERR441771,1,0
ERR441772,1,0
ERR441773,1,0
ERR441774,1,0
ERR441775,1,0
ERR441776,1,0
ERR441777,1,0
ERR441778,1,0
ERR441779,1,0
ERR1754760,0,1
ERR1754761,0,1
ERR1754762,0,1
ERR1754763,0,1
ERR1754764,0,1
ERR1754765,0,1
ERR1754766,0,1
ERR1754767,0,1
ERR1754768,0,1
ERR1754769,0,1
