,superkingdom,phylum,class,order,family,genus,species
0,2157,,,,,,
1,2157,651137,,31932,338190,,
2,2157,651137,,31932,338190,,
3,2157,651137,1643678,1033996,1033997,,
4,2,,,,,,
5,2,,,,,,102412
6,2,,,,,,759820
7,2,,,,,,
8,2,57723,,,,,
9,2,57723,,,,,1387463
10,2,57723,1813735,,2211325,2004797,
11,2,57723,204432,,,,
12,2,57723,204432,204433,,,
13,2,57723,204432,204433,204434,33973,1391499
14,2,57723,1562566,,,,
15,2,57723,1562566,1748771,1748772,1562564,
16,2,57723,1562566,1748771,1748772,1281902,
17,2,57723,1562566,1748771,1748772,1748767,
18,2,57723,1562566,1748771,2048906,,
19,2,57723,533205,,,,
20,2,57723,533205,574975,,,
21,2,57723,533205,574975,574976,,
22,2,57723,,,,,
23,2,57723,204432,332160,1962910,,
24,2,57723,204432,332160,1962910,911113,
25,2,57723,204432,332160,1962910,1649475,
26,2,57723,204432,332160,332161,,
27,2,57723,204432,332160,332161,332162,
28,2,201174,1760,,,,
29,2,201174,84992,,,,
30,2,201174,84992,84993,633392,,
31,2,201174,84992,84993,633392,1648491,1052257
32,2,201174,84992,84993,633392,467975,
33,2,201174,1760,,,,
34,2,201174,1760,,,,573129
35,2,201174,1760,2037,,,
36,2,201174,1760,2037,2049,1654,
37,2,201174,1760,85007,1653,,
38,2,201174,1760,85007,1653,1716,
39,2,201174,1760,85007,1762,1763,
40,2759,6656,50557,7524,30189,1661425,
41,2,201174,1760,85013,,,
42,2,201174,1760,2495577,622454,435913,
43,2,201174,1760,85013,74712,1434010,
44,2,201174,1760,2495578,85033,,
45,2,201174,1760,1643682,85030,,
46,2,201174,1760,1643682,85030,38501,
47,2,201174,1760,622452,,,
48,2,201174,1760,622452,83778,,
49,2,201174,1760,85006,,,
50,2,201174,1760,85006,85018,,
51,2,201174,1760,85006,85021,,
52,2,201174,1760,85006,85021,367298,
53,2,201174,1760,85006,85023,,
54,2,201174,1760,85006,1268,,
55,2,201174,1760,85006,1268,1663,
56,2,201174,1760,85006,1268,57493,
57,2,201174,1760,85008,28056,,
58,2,201174,1760,85008,28056,53365,
59,2,201174,1760,85008,28056,349314,752680
60,2,201174,1760,1643684,85031,53460,
61,2,201174,1760,85009,85015,,
62,2,201174,1760,85009,85015,86795,
63,2,201174,1760,85009,85015,1839,
64,2,201174,1760,85011,,,
65,2,201174,1760,85011,2062,,
66,2,201174,1760,85011,2062,1883,
67,2,201174,84995,1154584,,,
68,2,201174,84995,1154584,1154585,,
69,2,201174,84995,1154584,1154585,1154586,
70,2,201174,84995,84996,84997,42255,
71,2,201174,1497346,,,,
72,2,201174,1497346,588673,,,
73,2,201174,1497346,588673,320583,191494,
74,2,201174,1497346,588673,320599,,
75,2,201174,1497346,588673,320599,207599,
76,2,67819,,,,,
77,2,67819,,,,,1895717
78,2,67819,1042312,1042313,,,
79,2,67819,1042312,1042313,1042314,,
80,2,67819,1042312,1042313,1042314,1042315,
81,2,67819,1042312,1042313,1042314,1042315,685828
82,2,67819,1077257,1077263,,,
83,2,67819,1077257,1077263,1077264,,
84,2,67819,1077257,1077263,1077264,1077265,
85,2,67819,1663419,1663425,,,
86,2,67819,1663419,1663425,1663426,,
87,2,976,,,,,
88,2,976,200643,,,,
89,2,976,200643,171549,2005519,,
90,2,976,200643,171549,1840213,,
91,2,976,200643,171549,2005523,346096,
92,2,976,200643,1970189,1471398,,
93,2,976,1853228,,,,
94,2,976,1853228,1853229,,,
95,2,976,1853228,1853229,563835,,
96,2,976,1853228,1853229,563835,79328,
97,2,976,1853228,1853229,563835,1795363,
98,2,976,1853228,1853229,563835,1004303,
99,2,976,1853228,1853229,563835,649460,
100,2,976,1853228,1853229,563835,1789690,
101,2,976,1853228,1853229,563835,1004301,
102,2,976,1853228,1853229,563835,398041,
103,2,976,1853228,1853229,563835,649461,
104,2,976,1853228,1853229,563835,1649476,
105,2,976,1853228,1853229,563835,1884792,
106,2,976,1853228,1853229,563835,504481,
107,2,976,1853228,1853229,563835,460073,
108,2,976,1853228,1853229,563835,1434702,
109,2,976,1853228,1853229,563835,296051,
110,2,976,1853228,1853229,563835,296051,624405
111,2,976,1853228,1853229,563835,296051,1914338
112,2,976,768503,768507,,,
113,2,976,768503,768507,,1433993,
114,2,976,768503,768507,563798,246875,
115,2,976,768503,768507,89373,,
116,2,976,768503,768507,89373,978,
117,2,976,768503,768507,89373,120831,
118,2,976,768503,768507,89373,312278,
119,2,976,768503,768507,89373,861914,
120,2,976,768503,768507,89373,107,
121,2,976,768503,768507,89373,1011,
122,2,976,768503,768507,1853232,,
123,2,976,768503,768507,1853232,299566,
124,2,976,768503,768507,1853232,89966,
125,2,976,768503,768507,1937962,,
126,2,976,117743,,,,
127,2,976,117743,200644,,,
128,2,976,117743,200644,1853230,332102,
129,2,976,117743,200644,49546,,
130,2,976,117743,200644,49546,59732,
131,2,976,117743,200644,49546,1534975,
132,2,976,117743,200644,49546,237,
133,2,976,117743,200644,49546,237,1392773
134,2,976,1937959,1936988,,,
135,2,976,1937959,1936988,1937961,,
136,2,976,1937959,1936988,1937961,2349,
137,2,976,1937959,1936988,1937961,1564515,
138,2,976,1937959,1936988,1937960,,
139,2,976,1937959,1936988,89374,,
140,2,976,117747,,,,
141,2,976,117747,200666,,,
142,2,976,117747,200666,84566,,
143,2,976,117747,200666,84566,423349,
144,2,976,117747,200666,84566,84567,
145,2,1930617,1962850,1962852,1962854,,
146,2,1752741,,,,,
147,2,1752727,,,,,
148,2,1752734,,,,,
149,2,1817908,,,,,
150,2,1817910,,,,,
151,2,1752731,,,,,
152,2,1752729,,,,,
153,2,67812,,,,,
154,2,67812,,,,1431823,
155,2,221216,,,,,
156,2,1619053,,,,,
157,2,1619053,1801911,,,,
158,2,1752732,,,,,
159,2,1752722,,,,,
160,2,1817925,,,,,
161,2,204428,,,,,
162,2,204428,204429,,,,
163,2,204428,204429,51291,,,
164,2,204428,204429,1963360,,,
165,2,204428,204429,1963360,92713,,
166,2,204428,204429,1963360,92713,749220,
167,2,204428,204429,1963360,92713,282132,
168,2,204428,204429,1963360,92713,112987,
169,2,204428,204429,1963360,92713,83551,
170,2,204428,204429,1963360,689704,,
171,2,204428,204429,1963360,92712,,
172,2,200795,,,,,
173,2,200795,292625,,,,
174,2,200795,292625,292629,,,
175,2,200795,292625,292629,292628,,
176,2,200795,1382928,1382929,,,
177,2,200795,475962,475963,,,
178,2,200795,475962,475963,475964,,
179,2,200795,32061,32064,,,
180,2,200795,32061,32064,1508635,,
181,2,200795,301297,,,,
182,2,200795,388447,,,,
183,2,200795,388447,388448,388449,,
184,2,200795,189775,85001,,,
185,2,200795,189775,189776,,,
186,2,1117,,,,,
187,2,1117,,1118,1890464,70190,980454
188,2,1117,,1118,1890449,,
189,2,1117,,1161,,,
190,2,1117,,1161,1162,,
191,2,1117,,1161,1162,1163,
192,2,1117,,1150,,,
193,2,1117,,1890424,,,
194,2,1117,,1890424,1890431,217161,
195,2,1117,,1890424,1890430,283821,
196,2,1117,,1890424,1890438,,
197,2,1117,,1890424,1890426,,
198,2,1297,188787,118964,,,
199,2,1297,188787,118964,183710,,
200,2,1297,188787,118964,183710,1298,
201,2,1297,188787,118964,332247,,
202,2,1297,188787,68933,188786,65551,
203,2,74152,641853,,,,
204,2,74152,641853,,,,
205,2,65842,204430,218872,204431,,
206,2,1239,,,,,
207,2,1239,,,,1501224,
208,2,1239,91061,,,,
209,2,1239,91061,1385,,,
210,2,1239,91061,1385,,33986,
211,2,1239,91061,1385,186823,,
212,2,1239,91061,1385,186823,432330,
213,2,1239,91061,1385,186823,432330,363888
214,2,1239,91061,1385,186817,,
215,2759,6656,50557,7020,55086,55087,
216,2,1239,91061,1385,186817,129337,
217,2,1239,91061,1385,186822,,
218,2,1239,91061,1385,186822,55080,
219,2,1239,91061,1385,186822,44249,
220,2,1239,91061,1385,186822,456492,
221,2,1239,91061,1385,186818,,
222,2,1239,91061,1385,186818,648800,
223,2,1239,91061,1385,186818,160795,
224,2,1239,91061,186826,,,
225,2,1239,91061,186826,81850,1243,
226,2,1239,91061,186826,81850,46255,
227,2,1239,186801,,,,
228,2,1239,186801,186802,,,
229,2,1239,186801,186802,31979,1485,
230,2,1239,186801,186802,31979,1434004,
231,2,1239,186801,186802,186807,,
232,2,1239,186801,186802,186807,79206,
233,2,1239,186801,186802,186804,,
234,2,1239,186801,186802,186804,1501226,
235,2,1239,186801,186802,186804,360541,
236,2,1239,186801,186802,541000,,
237,2,1239,526524,526525,128827,191303,
238,2,1239,1737404,,,1582879,
239,2,1239,1737404,,,190972,
240,2,142182,219685,,,,
241,2,142182,219685,219686,219687,,
242,2,142182,219685,219686,219687,173479,
243,2,142182,1804991,1804992,1804993,,
244,2,1134404,795747,,,,
245,2,134625,1921781,,,,
246,2,40117,,,,,
247,2,40117,203693,189778,189779,1234,
248,2,203682,,,,,
249,2,203682,666505,,,,
250,2,203682,666505,666506,,,
251,2,203682,666505,666506,666507,,
252,2,203682,666505,1771349,,,
253,2,203682,203683,112,,,
254,2,203682,203683,2691355,1914233,,
255,2,203682,203683,2691355,1914233,1914234,
256,2,203682,203683,2691355,1914233,113,
257,2,203682,203683,2691355,1914233,1382832,
258,2,203682,203683,2691355,1914233,600332,
259,2,203682,203683,2691356,1763524,,
260,2,203682,203683,2691356,1763524,1511635,
261,2,203682,203683,2691356,1763524,466152,
262,2,203682,203683,112,126,,
263,2,203682,203683,112,126,,1387502
264,2,203682,203683,2691354,2691357,265487,
265,2,203682,203683,2691354,2691357,123,
266,2,203682,203683,112,126,1779141,
267,2,203682,203683,112,126,118,
268,2,203682,203683,112,126,1649480,
269,2,203682,203683,2691354,2691357,265488,
270,2,203682,203683,112,126,656899,
271,2,1224,,,,,
272,2,1224,28211,,,,
273,2,1224,28211,,,,1913988
274,2,1224,28211,,,1632780,
275,2,1224,28211,204441,433,268408,
276,2,1224,28211,204458,,,
277,2,1224,28211,204458,76892,,
278,2,1224,28211,204458,76892,76890,
279,2,1224,28211,204458,76892,41275,
280,2,1224,28211,204458,76892,75,
281,2,1224,28211,204458,76892,20,
282,2,1224,28211,1921002,,,
283,2,1224,28211,1921002,1777752,1777753,
284,2,1224,28211,1921002,1777752,1777753,1696036
285,2,1224,28211,1921002,1777752,1521255,
286,2,1224,28211,1921002,44746,,
287,2,1224,28211,597358,597359,,
288,2,1224,28211,1921567,1921568,,
289,2,1224,28211,1921567,1921568,1241326,
290,2,1224,28211,255473,,,
291,2,1224,28211,255473,255474,1519373,
292,2,1224,28211,356,,,
293,2,1224,28211,356,,1145345,
294,2,1224,28211,356,,169055,
295,2,1224,28211,356,,1734920,
296,2,1224,28211,356,255475,,
297,2,1224,28211,356,45404,,
298,2,1224,28211,356,45404,532,
299,2,1224,28211,356,45404,1277353,
300,2,1224,28211,356,41294,,
301,2,1224,28211,356,41294,374,
302,2,1224,28211,356,118882,,
303,2,1224,28211,356,45401,,
304,2,1224,28211,356,45401,59282,
305,2,1224,28211,356,45401,46913,
306,2,1224,28211,356,45401,119044,
307,2,1224,28211,356,45401,81,
308,2,1224,28211,356,45401,47494,
309,2,1224,28211,356,45401,29407,
310,2,1224,28211,356,119045,407,
311,2,1224,28211,356,69277,,
312,2,1224,28211,356,69277,245876,
313,2,1224,28211,356,82115,,
314,2,1224,28211,356,82115,379,
315,2,1224,28211,356,82115,323620,
316,2,1224,28211,356,119043,,
317,2,1224,28211,356,119043,256616,
318,2759,6656,50557,7524,27482,869314,
319,2,1224,28211,356,1643957,1643958,
320,2,1224,28211,356,335928,,
321,2759,6231,119089,6236,114893,2066135,
322,2,1224,28211,356,335928,556257,
323,2,1224,28211,204455,,,
324,2,1224,28211,204455,69657,,
325,2,1224,28211,204455,69657,2723,
326,2,1224,28211,204455,31989,,
327,2,1224,28211,204455,31989,1653176,
328,2,1224,28211,204455,31989,227873,
329,2,1224,28211,204455,31989,1060,
330,2,1224,28211,204455,31989,1640884,
331,2,1224,28211,204455,31989,295418,
332,2,1224,28211,204441,,,
333,2,1224,28211,204441,,445219,
334,2,1224,28211,204441,433,,
335,2,1224,28211,204441,433,504465,
336,2,1224,28211,204441,433,125216,
337,2,1224,28211,204441,433,182402,
338,2,1224,28211,204441,2066434,,
339,2,1224,28211,204441,41295,,
340,2,1224,28211,204441,41295,191,
341,2,1224,28211,204441,41295,1146845,
342,2,1224,28211,204441,41295,1091044,
343,2,1224,28211,766,,,
344,2,1224,28211,766,,1885584,1885585
345,2,1224,28211,766,1328881,,
346,2,1224,28211,766,1328881,1891672,
347,2,1224,28211,766,775,,
348,2,1224,28211,766,775,1742636,
349,2,1224,28211,766,775,780,
350,2,1224,28211,510684,510685,,
351,2,1224,28211,204457,,,
352,2,1224,28211,204457,335929,,
353,2,1224,28211,204457,41297,,
354,2,1224,28211,204457,41297,165696,
355,2,1224,28211,204457,41297,1654718,
356,2,1224,28211,204457,41297,1508451,
357,2,1224,28211,204457,41297,1649487,
358,2,1224,28211,204457,41297,56358,
359,2,1224,28211,204457,41297,13687,
360,2,1224,28211,204457,41297,13687,471634
361,2,1224,28211,204457,41297,13687,1259683
362,2,1224,28216,,,,
363,2,1224,28216,80840,,,
364,2759,6656,6854,6893,81835,1907117,
365,2,1224,28216,80840,119060,,
366,2,1224,28216,80840,119060,32008,
367,2,1224,28216,80840,119060,32008,1566269
368,2,1224,28216,80840,119060,240411,
369,2,1224,28216,80840,119060,47670,
370,2,1224,28216,80840,119060,131079,
371,2,1224,28216,80840,119060,44013,
372,2,1224,28216,80840,80864,,
373,2,1224,28216,80840,80864,283,
374,2,1224,28216,80840,80864,665874,
375,2,1224,28216,80840,75682,,
376,2,1224,28216,80840,75682,75654,
377,2,1224,28216,80840,75682,303379,
378,2,1224,28216,80840,75682,29580,
379,2,1224,28216,80840,75682,149698,
380,2,1224,28216,80840,75682,1344552,
381,2,1224,28216,80840,75682,401469,
382,2,1224,28216,713634,,,
383,2,1224,28216,713634,713635,370406,
384,2,1224,28216,206351,,,
385,2,1224,28216,206351,1499392,,
386,2,1224,28216,206351,1499392,57739,
387,2,1224,28216,206351,481,,
388,2,1224,28216,32003,,,
389,2,1224,28216,32003,90627,,
390,2,1224,28216,32003,90627,1738658,
391,2,1224,28216,32003,32011,,
392,2,1224,28216,32003,32011,404,
393,2,1224,28216,32003,32011,359407,
394,2,1224,28216,32003,206379,,
395,2,1224,28216,32003,2008793,1054211,
396,2,1224,28216,32003,2008790,,
397,2,1224,28216,32003,2008790,1938335,
398,2,1224,28216,206389,,,
399,2,1224,28216,206389,2008795,,
400,2,1224,28216,206389,2008795,73029,
401,2,1224,28216,206389,2008795,73029,281362
402,2,1224,28216,206389,75787,,
403,2,1224,28216,206389,2008794,,
404,2,1224,28221,,,,
405,2,1224,28221,,,,1391543
406,2,1224,28221,1779134,,,
407,2,1224,28221,453227,,,
408,2,1224,28221,453227,453228,,
409,2,1224,28221,213118,,,
410,2,1224,28221,213115,,,
411,2,1224,28221,69541,,,
412,2,1224,28221,69541,213421,18,
413,2,1224,28221,69541,213422,28231,
414,2,1224,28221,29,,,
415,2,1224,28221,29,1524215,,
416,2,1224,28221,29,1524215,161492,
417,2,1224,28221,29,224464,,
418,2,1224,28221,29,224464,162027,
419,2,1224,28221,29,224463,,
420,2,1224,28221,29,224463,53,
421,2,1224,28221,29,651809,651810,
422,2,1224,28221,29,49,,
423,2,1224,28221,29,49,1882917,
424,2,1224,28221,29,49,55,
425,2,1224,28221,29,49,39643,
426,2,1224,28221,29,1055686,,
427,2,1224,28221,29,1055686,1055688,
428,2,1224,28221,213462,213468,,
429,2,1224,28221,213462,213468,60892,
430,2,1224,29547,,,,
431,2,1224,1236,,,,
432,2,1224,1236,,,1549619,
433,2,1224,1236,,,1885586,
434,2,1224,1236,,,1885582,
435,2,1224,1236,1692040,1692041,1692042,
436,2,1224,1236,135624,,,
437,2,1224,1236,135624,84642,,
438,2,1224,1236,135624,84642,642,
439,2,1224,1236,135622,,,
440,2,1224,1236,135622,72275,,
441,2,1224,1236,135622,267889,,
442,2,1224,1236,1617890,1617891,,
443,2,1224,1236,1706369,,,
444,2,1224,1236,1706369,1706371,10,
445,2,1224,1236,1706369,1706372,,
446,2,1224,1236,1706369,1706372,1217416,
447,2,1224,1236,1706369,1706375,,
448,2,1224,1236,135613,,,
449,2,1224,1236,135613,1046,,
450,2,1224,1236,135613,1046,1813600,
451,2,1224,1236,135613,1096778,,
452,2,1224,1236,135613,1096778,200623,
453,2,1224,1236,135613,1096778,445670,
454,2,1224,1236,135613,1738654,,
455,2,1224,1236,135613,1738654,1738655,
456,2,1224,1236,91347,,,
457,2,1224,1236,91347,543,,
458,2,1224,1236,91347,1903409,,
459,2,1224,1236,1934945,,,
460,2,1224,1236,118969,,,
461,2,1224,1236,118969,118968,,
462,2,1224,1236,118969,118968,254245,
463,2,1224,1236,118969,118968,1755683,
464,2759,6447,6448,216294,56139,1260513,
465,2,1224,1236,118969,118968,59195,
466,2,1224,1236,118969,444,,
467,2,1224,1236,118969,444,445,
468,2,1224,1236,135618,,,
469,2,1224,1236,135618,89377,200670,
470,2,1224,1236,135618,89377,200670,360316
471,2,1224,1236,135618,403,,
472,2,1224,1236,135618,403,73778,
473,2,1224,1236,135618,403,1410680,
474,2,1224,1236,135619,135620,,
475,2,1224,1236,72274,,,
476,2,1224,1236,72274,468,,
477,2,1224,1236,72274,468,469,
478,2,1224,1236,72274,468,222991,
479,2,1224,1236,72274,468,1930856,
480,2,1224,1236,72274,135621,,
481,2,1224,1236,72274,135621,286,
482,2,1224,1236,742030,742031,180541,
483,2,1224,1236,72273,,,
484,2,1224,1236,72273,2056687,28905,
485,2,1224,1236,72273,135617,,
486,2,1224,1236,135623,,,
487,2,1224,1236,135623,641,,
488,2,1224,1236,135614,,,
489,2,1224,1236,135614,1775411,,
490,2,1224,1236,135614,1775411,75309,
491,2,1224,1236,135614,32033,,
492,2,1224,1236,135614,32033,490567,
493,2,1224,1236,135614,32033,83614,
494,2,1224,1236,135614,32033,68,
495,2,1224,1236,135614,32033,83618,
496,2,1224,1236,135614,32033,141948,
497,2,1224,2008785,119069,206349,,
498,2,1224,1553900,,,,
499,2,1224,1553900,2024979,,,
500,2,1224,1553900,2024979,263369,,
501,2,1224,1553900,2024979,263369,146784,
502,2,1224,1553900,2024979,263369,263370,
503,2,1224,1553900,213481,,,
504,2,1224,1553900,213481,,,
505,2,1224,1553900,213481,213483,,
506,2,1224,1553900,213481,213483,958,
507,2,1224,1553900,1553901,,,
508,2,1224,1553900,1553901,1553902,,
509,2,1224,1553900,1553901,1553902,1553903,
510,2,1224,1553900,2024973,,,
511,2,1224,1553900,2024973,2024974,,
512,2,1224,1553900,2024973,2024974,2024975,
513,2,203691,203692,1643688,170,338321,
514,2,74201,,,,,
515,2,74201,,,,,1799654
516,2,74201,1955630,717963,,,
517,2,74201,1955630,717963,717964,,
518,2,74201,414999,415000,134623,1849551,
519,2,74201,414999,415000,134623,178440,
520,2,74201,414999,415001,415002,,
521,2,74201,134549,,,,
522,2,74201,134549,,,134550,
523,2,74201,134549,,,1649503,
524,2,74201,134549,1836787,,,
525,2,74201,134549,1836787,1836792,,
526,2,74201,134549,1836787,1836792,1921511,
527,2,74201,134549,1836787,1836792,295577,
528,2,74201,203494,,,,
529,2,74201,203494,48461,,,
530,2,74201,203494,48461,134621,,
531,2,74201,203494,48461,134621,1032526,
532,2,74201,203494,48461,203557,,
533,2,74201,203494,48461,203557,518753,
534,2,74201,203494,48461,203557,48463,
535,2,74201,203494,48461,203557,518755,
536,2,74201,203494,48461,203557,1348508,
537,2,74201,203494,48461,203557,2735,
538,2,,,,,,871767
539,2,,,,,,1391513
540,2,,,,,,
541,2,201174,1760,2039638,2162846,622681,
542,2,201174,1760,85007,,,
543,2,201174,1760,85013,74712,1434010,1932789
544,2,201174,1760,85006,85023,500014,
545,2,201174,1760,85006,1268,1645,
546,2,201174,1760,85008,28056,349314,
547,2,201174,1760,85010,2070,1847,
548,2,201174,84995,84996,,,
549,2,201174,84995,84996,84997,,
550,2,976,,,,,
551,2,976,200643,171549,,,
552,2,976,200643,171549,2005523,,
553,2,976,200643,1970189,1573805,,
554,2,976,200643,1970189,558415,,
555,2,976,768503,768507,89373,1664383,
556,2,976,768503,768507,200667,,
557,2,976,768503,768507,1853232,323449,
558,2,976,1937959,1936988,89374,365032,
559,2,976,117747,200666,84566,929509,
560,2,1752736,,,,,
561,2,74015,,,,,
562,2,1619053,1801911,,,,
563,2,1752733,,,,,
564,2,204428,204429,51291,809,,
565,2,204428,204429,1963360,689704,292833,
566,2,1117,,1161,1892259,,
567,2,1117,,1161,1892259,748770,
568,2,1117,,1890424,1890436,,
569,2,1117,,1890424,1890436,1152,
570,2,1117,,1890424,1890426,1129,
571,2,65842,204430,218872,,,
572,2,1239,91061,1385,538998,86004,
573,2,1239,91061,186826,186828,1651,
574,2,1239,909932,909929,,,
575,2,142182,219685,219686,,,
576,2,1134404,795747,795748,,,
577,2,256845,1313211,278082,,,
578,2,256845,1313207,,,,
579,2,40117,,,,,
580,2,40117,203693,189778,189779,179,
581,2,203682,666505,1771349,1771355,,
582,2,203682,203683,,,,
583,2,203682,203683,112,126,118,37635
584,2,1224,1807140,225057,,,
585,2,1224,28211,204458,76892,240236,
586,2,1224,28211,1921002,2100208,1509243,
587,2,1224,28211,1921002,1777752,,
588,2,1224,28211,1921002,1777752,679161,
589,2,1224,28211,597358,,,
590,2,1224,28211,1921567,,,
591,2,1224,28211,255473,255474,,
592,2,1224,28211,356,45404,184923,
593,2,1224,28211,356,82115,166953,
594,2759,6656,50557,7524,30190,249411,
595,2,1224,28211,204455,31989,1443919,
596,2,1224,28211,204441,433,1070,
597,2,1224,28211,204441,2066434,,
598,2,1224,28211,204441,41295,204447,
599,2,1224,28211,204441,41295,1649502,
600,2,1224,28216,80840,,316612,
601,2,1224,28216,80840,,212743,
602,2,1224,28216,80840,506,,
603,2,1224,28216,80840,80864,28219,
604,2,1224,28216,80840,80864,174951,
605,2,1224,28216,1442155,1442156,416212,
606,2,1224,28216,206351,1499392,230666,
607,2,1224,28216,32003,90627,314343,
608,2,1224,28216,32003,32011,1679002,
609,2,1224,28216,32003,206379,914,
610,2,1224,28216,32003,2008793,,
611,2,1224,28216,206389,2008794,12960,
612,2,1224,28221,213118,213119,,
613,2,1224,28221,69541,213422,,
614,2,1224,28221,69541,213422,213223,
615,2,1224,28221,29,,,984715
616,2,1224,28221,29,,1649470,
617,2,1224,28221,29,1524216,1524217,
618,2,1224,28221,29,31,,
619,2,1224,28221,29,31,1470623,
620,2,1224,28221,29,651809,,
621,2,1224,28221,29,49,888829,
622,2,1224,28221,29,49,50,
623,2,1224,28221,29,1524213,1524214,
624,2,1224,28221,213462,,,
625,2,1224,1236,1692040,1692041,,
626,2,1224,1236,135622,267890,,
627,2,1224,1236,1617890,,,
628,2,1224,1236,135615,,,
629,2,1224,1236,1706369,1706371,,
630,2,1224,1236,1706369,1706372,1341118,
631,2,1224,1236,1706369,1706374,,
632,2,1224,1236,1706369,1706374,1123967,
633,2,1224,1236,135613,72276,,
634,2,1224,1236,135613,2034509,,
635,2,1224,1236,1775403,2689614,469322,
636,2,1224,1236,135619,,,
637,2,1224,1236,135619,224372,59753,
638,2,1224,1236,135619,28256,,
639,2,1224,1236,72274,468,497,
640,2,1224,1236,72274,135621,1649479,
641,2,1224,1553900,213481,,,
642,2,203691,,,,,
643,2,203691,203692,,,,
644,2,203691,203692,1643688,170,,
645,2,203691,203692,1643688,170,171,
646,2,203691,203692,1643688,170,338321,29510
647,2,203691,203692,136,137,,
648,2,508458,,,,,
649,2,74201,414999,415000,,,
650,2,74201,414999,415000,134623,,
651,2,74201,414999,415000,134623,1961799,
652,2,74201,414999,415000,134623,178440,134636
653,2,74201,414999,415001,,,
654,2,74201,203494,48461,203557,2735,1714838
655,2,201174,84992,84993,2448023,682522,
656,2,201174,1760,,,,1650658
657,2,201174,1760,2495578,85033,35750,
658,2,201174,1760,85006,1268,1742989,
659,2,201174,1760,85006,1268,1742993,85085
660,2,976,200643,171549,2005525,195950,
661,2,976,768503,768507,89373,1649462,
662,2,976,768503,768507,1853232,89966,1484116
663,2,976,117743,200644,246874,,
664,2,204428,204429,1963360,92714,71666,
665,2,74152,641853,,,,
666,2,1239,91061,1385,90964,227979,
667,2,1239,91061,1385,186824,1763555,
668,2,1239,91061,186826,1300,1301,
669,2,1239,186801,186802,186807,1562,
670,2,1239,909932,909929,1843490,365348,
671,2,1239,909932,1843489,31977,,
672,2,1239,1737404,1737405,1570339,165779,
673,2,1239,1737404,1737405,1570339,162289,
674,2,32066,203490,203491,1129771,32067,
675,2,1224,28211,356,69277,68287,
676,2,1224,28216,80840,80864,52972,
677,2,1224,28216,80840,75682,29580,1221946
678,2,1224,28216,80840,995019,40544,
679,2,1224,1236,1692040,,,
680,2,1224,1236,1775403,568386,,
681,2,1224,1236,135625,712,,
682,2157,28890,,,,,
683,2157,651137,,,,1825023,
684,2,,,,,,102456
685,2,,,,,,1869227
686,2,,,,,,448120
687,2,,,,,,448119
688,2,57723,204432,204433,204434,,
689,2,57723,204432,204433,204434,658061,
690,2,57723,204432,204433,204434,392733,
691,2,57723,204432,332160,1962910,911113,360054
692,2,201174,84992,,,,305070
693,2,201174,1760,1643683,85032,28048,
694,2,201174,1760,1389450,,,
695,2,201174,1760,85007,85029,37914,
696,2,201174,1760,85013,74712,,
697,2,201174,1760,622452,83778,49184,
698,2,201174,1760,85006,85016,,
699,2,201174,1760,85006,85021,344063,
700,2,201174,1760,85006,85023,110932,
701,2,201174,1760,85012,2004,,
702,2,201174,84998,,,,
703,2,976,,,,,708120
704,2,976,200643,171549,815,816,
705,2,976,200643,171549,171550,1647173,
706,2,976,1853228,1853229,563835,1649456,
707,2,976,768503,,,,
708,2,976,768503,768507,1501348,,
709,2,976,768503,768507,1501348,281119,
710,2,976,768503,768507,89373,332157,
711,2,976,768503,768507,89373,1210119,
712,2,976,768503,768507,89373,451373,
713,2,976,768503,768507,89373,105,
714,2,976,768503,768507,200667,156993,
715,2,976,117743,200644,1853230,246873,
716,2,976,1937959,1936988,1937961,2349,526865
717,2,1752737,,,,,
718,2,1817924,,,,,
719,2,204428,,,,,1752208
720,2,204428,204429,51291,,,492525
721,2,204428,204429,1963360,412447,,
722,2,200795,32061,1508535,,,
723,2,200795,388447,388448,,,
724,2,1117,,1118,1890464,70190,
725,2,1117,,1118,1890464,70190,665885
726,2,1117,,1150,1892251,,
727,2,1117,,1150,1892252,54304,
728,2,1117,,1890424,1890438,47251,
729,2,1239,91061,1385,186818,1569,
730,2,1239,91061,186826,81852,300418,
731,2,1239,186801,186802,186803,2383,
732,2,1239,186801,186802,990719,,
733,2,1239,186801,186802,186803,,
734,2,1239,186801,186802,186804,1849828,
735,2,1239,526524,526525,,,
736,2,1239,1737404,1737405,2042895,1505664,
737,2,142182,,,,,234666
738,2,142182,219685,219686,219687,173479,173480
739,2,142182,219685,219686,219687,1706036,
740,2,203682,203683,2691355,1914233,113,886798
741,2,1224,28211,1921002,44746,44747,
742,2,1224,28211,362534,,,
743,2,1224,28211,54526,,,
744,2,1224,28211,356,45404,1156568,
745,2,1224,28211,356,45404,168658,
746,2,1224,28211,356,41294,1033,
747,2,1224,28211,356,45401,81,82
748,2,1224,28211,356,119045,,
749,2,1224,28211,356,119045,1649484,
750,2,1224,28211,356,119043,34016,1255270
751,2,1224,28211,204455,31989,238783,
752,2,1224,28211,204441,433,522,
753,2,1224,28211,204441,433,50709,
754,2,1224,28211,204441,433,35812,
755,2,1224,28211,204441,433,93,
756,2,1224,28211,204441,41295,111830,
757,2,1224,28211,766,1328881,411566,
758,2,1224,28211,766,775,1522201,
759,2,1224,28211,510684,,,
760,2,1224,28216,80840,,,1837741
761,2,1224,28216,80840,506,203697,1834877
762,2,1224,28216,80840,80864,281915,
763,2,1224,28216,80840,80864,219181,
764,2,1224,28216,80840,80864,335058,
765,2,1224,28216,80840,80864,28065,
766,2,1224,28216,206351,1499392,187,1681833
767,2,1224,28216,206351,481,1654931,
768,2,1224,28216,32003,90627,453161,
769,2,1224,28216,32003,90627,96,
770,2,1224,28216,32003,2008793,157591,
771,2,1224,28216,206389,2008795,146936,869393
772,2,1224,28221,,,,1391542
773,2,1224,28221,69541,213421,,
774,2,1224,28221,29,39,,
775,2759,6656,50557,7041,7042,1671858,
776,2,1224,1236,,,1885582,1885583
777,2,1224,1236,1706369,1706372,1763473,
778,2,1224,1236,135613,1046,67575,
779,2,1224,1236,135618,403,429,
780,2,1224,1236,1775403,568386,568387,
781,2,1224,1236,1775403,568386,1274363,
782,2,1224,1236,135619,224372,,
783,2,1224,1236,135619,28256,2745,
784,2,1224,1236,135625,,,
785,2,1224,1236,742030,,,
786,2,1224,1236,135614,32033,40323,
787,2,1224,2008785,,,,
788,2,1224,2008785,119069,,,
789,2,1224,1553900,213481,213483,958,453816
790,2,203691,203692,1643686,,,
791,2,203691,203692,136,137,109459,
792,2,74201,203494,48461,1648490,361050,
793,2,74201,203494,48461,134621,,320774
794,2,74201,203494,48461,134621,1032526,1032527
795,2,74201,203494,48461,203557,1383070,
796,2,74201,203494,48461,203557,1383070,748831
797,2,74201,203494,48461,203557,518753,454151
798,2,1618338,,,,,
799,2157,651137,,,,,
800,2,57723,,,,,1639887
801,2,57723,,,,,1660160
802,2,57723,533205,574975,574976,44675,
803,2,57723,533205,574975,574976,44675,1962974
804,2,201174,84992,84993,84994,,
805,2,201174,1760,,,,932042
806,2,201174,1760,2495577,622454,,
807,2759,35493,3398,72025,3803,508215,
808,2,201174,1760,85008,28056,203522,
809,2,201174,1760,85008,28056,168694,
810,2,201174,908620,596497,,,
811,2,976,200643,1970189,,,
812,2,976,768503,768507,1501348,273135,
813,2,976,768503,768507,89373,455076,
814,2,976,117743,200644,49546,76831,
815,2,976,117747,200666,84566,84567,1396829
816,2,1752738,,,,,
817,2,1817905,,,,,
818,2,221216,,,,,1659200
819,2,1817921,,,,,
820,2,200795,292625,292629,292628,233189,
821,2,1117,,1161,1892260,,
822,2,1117,,1150,1892251,1048851,1240338
823,2,1117,,1890424,1890431,217161,1173032
824,2,1117,,1890424,1890430,283821,283822
825,2,65842,296141,,,,
826,2,1239,91061,1385,186822,44249,519770
827,2,1239,91061,186826,33958,1578,
828,2,1239,186801,186802,541000,1470353,
829,2,1239,909932,1843489,31977,29465,
830,2,1293497,,,,,
831,2,1293497,1293498,1293499,,,
832,2,1224,1807140,,,,
833,2,1224,28211,204458,76892,,
834,2,1224,28211,356,31993,133,
835,2,1224,28216,80840,80864,34072,
836,2,1224,28216,713634,713635,,
837,2,1224,28216,206351,1499392,400947,
838,2,1224,28216,32003,2008793,1499082,
839,2,1224,28216,206389,2008795,88875,
840,2,1224,28221,213118,213119,1549126,
841,2,1224,28221,213115,194924,,
842,2,1224,1236,,,,109318
843,2,1224,1236,,,1549619,1229656
844,2,1224,1236,,,,
845,2,1224,1236,135622,72275,226,
846,2,1224,1236,135613,72276,1617886,
847,2,1224,1236,135618,89377,,
848,2,1224,1236,135618,403,1410680,1410681
849,2,1224,1236,135619,135620,64968,
850,2,1224,1236,135614,1775411,323413,
851,2,1224,1236,135614,1775411,1453544,
852,2,203691,203692,136,,,
853,2,544448,31969,186328,,,
854,2,74201,414999,,,,1799660
855,2,422282,,,,,
856,2157,651137,,,,,1640512
857,2,201174,1760,85008,28056,1873,
858,2,201174,1760,85010,2070,,
859,2,201174,1760,85010,2070,1813,
860,2,1239,186801,186802,186807,191373,
861,2,1239,909932,,,,
862,2,1224,28211,356,45401,29407,674703
863,2,1224,28216,80840,,34102,
864,2,1224,28216,80840,506,312063,
865,2,1224,28216,80840,75682,401469,1793943
866,2,1224,28216,206389,2008794,349,
867,2,1224,1236,135615,868,,
868,2,1224,1236,118969,444,445,1092424
869,2,1224,1236,72273,135616,34067,
870,2,201174,1760,2039638,,,
871,2,201174,1760,85012,2012,,795107
872,2,201174,1497346,588673,320583,,
873,2,976,117743,200644,1853230,1233041,
874,2,976,117747,200666,84566,28453,
875,2,1817907,,,,,
876,2,1752740,,,,,
877,2,204428,204429,51291,809,1851152,
878,2,204428,204429,1963360,92713,,1108048
879,2,204428,204429,1963360,92713,83551,1414722
880,2,1117,,1150,1892252,,
881,2,1117,,1890424,2303730,1120752,
882,2,1117,,1890424,1890426,13034,1521604
883,2,1239,186801,186802,31979,667112,
884,2,1239,186801,186802,543314,109326,
885,2,1239,186801,186802,31984,,
886,2,1239,1737404,1737405,1737406,285105,
887,2,1239,1737404,1737405,1737406,41273,
888,2,40117,203693,189778,189779,,
889,2,1224,1807140,225057,225058,,
890,2,1224,28211,1191478,,,
891,2,1224,28211,356,655351,655352,
892,2,1224,28211,356,45401,1068,
893,2,1224,28211,356,119045,186650,
894,2,1224,28211,356,31993,425,
895,2,1224,28211,356,1643957,,
896,2,1224,28211,204455,31989,56999,
897,2,1224,28211,204455,31989,1844498,
898,2,1224,28211,204441,41295,1182780,
899,2,1224,28211,766,942,,
900,2,1224,28211,204457,41297,335405,
901,2,1224,28216,206389,75787,146937,
902,2,1224,28221,453227,453228,1535192,
903,2,1224,28221,69541,213421,37817,
904,2,1224,28221,29,651809,651810,525924
905,2,1224,1236,135614,1775411,1218803,
906,2,544448,31969,,,,
907,2,544448,31969,2085,2092,,
908,2,74201,203494,48461,1648490,,
909,2157,651137,1643678,,,,
910,2,,,,,,1070621
911,2,57723,204432,204433,204434,940557,
912,2,57723,204432,204433,204434,940557,940615
913,2,201174,1760,85007,85025,,
914,2,201174,1760,85007,85025,1817,
915,2,201174,1760,2495577,622454,65502,
916,2,201174,1760,1643682,85030,1860,
917,2,201174,1760,1643682,85030,88138,
918,2,201174,1760,622452,83778,908626,
919,2,201174,1760,622452,83778,317661,
920,2,201174,1760,85006,85019,1696,
921,2,201174,1760,85006,85020,,
922,2,201174,1760,85006,1268,1742993,
923,2,201174,1760,85008,,,
924,2,201174,1760,85008,28056,1865,
925,2,201174,1760,85009,85015,2040,
926,2,201174,1760,85009,31957,,
927,2,201174,1760,85010,2070,130795,
928,2,201174,1760,85012,2012,,
929,2,201174,1497346,588673,320583,191494,1929289
930,2,201174,1497346,588673,1759334,1759365,
931,2,976,200643,171549,171552,,
932,2,976,200643,171549,171552,838,
933,2,976,1853228,1853229,563835,1648511,
934,2,976,1853228,1853229,563835,1789690,1986182
935,2,976,1853228,1853229,563835,379899,
936,2,976,1853228,1853229,563835,1004302,
937,2,976,1853228,1853229,563835,460073,670293
938,2,976,768503,768507,89373,107,1756415
939,2,976,768503,768507,1853232,89966,1411621
940,2,976,768503,768507,1853232,1379908,
941,2,976,117743,200644,49546,501783,
942,2,976,117743,200644,49546,237444,
943,2,976,117747,200666,84566,,572377
944,2,1817904,,,,,
945,2,1752728,,,,,
946,2,1817916,,,,,
947,2,200795,32061,32064,1106,,
948,2,1117,,1150,1892255,,
949,2,1117,,1890424,1890438,47251,268127
950,2,1117,,1890424,1890428,1142,
951,2,1297,188787,68933,188786,,
952,2,1239,91061,1385,,1378,
953,2,1239,91061,1385,186822,66862,
954,2,1239,91061,1385,90964,489909,
955,2,1239,91061,186826,186827,,
956,2,1239,91061,186826,186828,117563,
957,2,1239,186801,186802,31979,,
958,2,1239,186801,186802,2304686,1649284,
959,2,1239,186801,68295,543371,,
960,2,1239,909932,909929,1843490,,
961,2,1239,909932,909929,1843490,2375,
962,2,1239,909932,1843489,31977,39948,
963,2,32066,203490,203491,203492,848,
964,2,142182,219685,,,,
965,2,203682,203683,112,126,,1387505
966,2,1224,28211,,,,875300
967,2,1224,28211,356,41294,1073,
968,2,1224,28211,356,31993,,
969,2,1224,28211,356,119043,34016,34017
970,2,1224,28211,204455,31989,1097466,
971,2,1224,28211,204455,31989,188905,
972,2,1224,28211,204441,433,1649268,
973,2,1224,28211,204441,41295,1543705,
974,2,1224,28211,204457,335929,361177,
975,2,1224,28211,204457,41297,165695,
976,2,1224,28216,80840,,32012,
977,2,1224,28216,206351,481,482,
978,2,1224,28216,32003,2008790,919,
979,2,1224,28216,206389,2008794,33057,
980,2,1224,28221,213118,213121,,
981,2,1224,28221,213462,213468,2357,
982,2,1224,29547,213849,72294,194,
983,2,1224,1236,,,,54398
984,2,1224,1236,135618,403,392710,392711
985,2,1224,1236,135618,403,762296,
986,2,1224,1236,135625,712,724,
987,2,1224,1236,72273,135616,,
988,2,1224,1553900,1553901,1553902,1553903,708132
989,2,74201,414999,,,,
990,2759,,,,,,
991,2,201174,1760,85012,,,
992,2,201174,84995,,,,
993,2,976,200643,171549,2005520,294702,
994,2,976,768503,768507,1853232,89966,1236770
995,2,1239,186801,186802,186807,36853,
996,2,1224,28211,356,255475,414371,
997,2,1224,28211,356,655351,,
998,2,1224,28211,204457,41297,13687,1656898
999,2,1224,28216,80840,506,203697,
1000,2,1224,1236,118969,118968,873565,
1001,2,1224,1236,1775403,568386,64001,
1002,2,,,,,,
1003,2,57723,1562566,,,458032,
1004,2,57723,,,,,
1005,2,976,1937959,1936988,1937960,70994,
1006,2,1817910,,,,,
1007,2,204428,204429,1963360,92714,,
1008,2,200795,475962,475963,475964,1215913,
1009,2,1117,,1890424,1890438,1005722,
1010,2,1117,,1890424,1890428,,
1011,2,1239,91061,1385,538998,,
1012,2,1239,91061,1385,186824,292636,
1013,2,1239,91061,186826,186828,2747,
1014,2,1239,186801,186802,31979,1485,1495
1015,2,1239,186801,186802,31979,44261,
1016,2,1134404,795747,795748,1334117,,
1017,2,256845,1313211,278082,255528,,
1018,2,203682,666505,1771349,1771355,1771356,
1019,2,203682,203683,112,126,,339169
1020,2,1224,28211,204455,31989,704105,
1021,2,1224,28211,766,942,33993,
1022,2,1224,28216,,,327159,
1023,2,1224,28216,80840,,92793,
1024,2,1224,28216,80840,,279809,861379
1025,2,1224,28216,80840,119060,48736,
1026,2,1224,28216,32003,2008793,311181,
1027,2,1224,28216,32003,2008793,157591,522609
1028,2,1224,28221,69541,213421,890,
1029,2,1224,1236,135613,1046,85074,
1030,2,1224,1236,1934945,1934946,,
1031,2,1224,1236,1775403,568386,1434005,
1032,2,203691,203692,136,137,1616789,
